<?xml version='1.0' encoding='utf-8'?>
<project xmlns:ns1="http://www.plcopen.org/xml/tc6_0201" xmlns:xhtml="http://www.w3.org/1999/xhtml" xmlns:xsd="http://www.w3.org/2001/XMLSchema" xmlns="http://www.plcopen.org/xml/tc6_0201">
  <fileHeader companyName="Unknown" productName="Unnamed" productVersion="1" creationDateTime="2021-04-18T12:09:33"/>
  <contentHeader name="Unnamed" modificationDateTime="2021-04-22T03:52:42">
    <coordinateInfo>
      <fbd>
        <scaling x="10" y="10"/>
      </fbd>
      <ld>
        <scaling x="10" y="10"/>
      </ld>
      <sfc>
        <scaling x="10" y="10"/>
      </sfc>
    </coordinateInfo>
  </contentHeader>
  <types>
    <dataTypes/>
    <pous>
      <pou name="test_python" pouType="program">
        <interface>
          <localVars>
            <variable name="OPTO1" address="%IX0.0">
              <type>
                <BOOL/>
              </type>
            </variable>
            <variable name="OPTO2" address="%IX0.1">
              <type>
                <BOOL/>
              </type>
            </variable>
            <variable name="OPTO3" address="%IX0.2">
              <type>
                <BOOL/>
              </type>
            </variable>
            <variable name="OPTO4" address="%IX0.3">
              <type>
                <BOOL/>
              </type>
            </variable>
            <variable name="OPTO5" address="%IX0.4">
              <type>
                <BOOL/>
              </type>
            </variable>
            <variable name="OPTO6" address="%IX0.5">
              <type>
                <BOOL/>
              </type>
            </variable>
            <variable name="OPTO7" address="%IX0.6">
              <type>
                <BOOL/>
              </type>
            </variable>
            <variable name="OPTO8" address="%IX0.7">
              <type>
                <BOOL/>
              </type>
            </variable>
            <variable name="RELAY1" address="%QX0.0">
              <type>
                <BOOL/>
              </type>
            </variable>
            <variable name="RELAY2" address="%QX0.1">
              <type>
                <BOOL/>
              </type>
            </variable>
            <variable name="RELAY3" address="%QX0.2">
              <type>
                <BOOL/>
              </type>
            </variable>
            <variable name="RELAY4" address="%QX0.3">
              <type>
                <BOOL/>
              </type>
            </variable>
            <variable name="RELAY5" address="%QX0.4">
              <type>
                <BOOL/>
              </type>
            </variable>
            <variable name="RELAY6" address="%QX0.5">
              <type>
                <BOOL/>
              </type>
            </variable>
            <variable name="RELAY7" address="%QX0.6">
              <type>
                <BOOL/>
              </type>
            </variable>
            <variable name="RELAY8" address="%QX0.7">
              <type>
                <BOOL/>
              </type>
            </variable>
          </localVars>
          <localVars constant="true">
            <variable name="TH1" address="%MD200">
              <type>
                <REAL/>
              </type>
              <initialValue>
                <simpleValue value="1000.0"/>
              </initialValue>
            </variable>
            <variable name="TH2" address="%MD201">
              <type>
                <REAL/>
              </type>
              <initialValue>
                <simpleValue value="1500.0"/>
              </initialValue>
            </variable>
            <variable name="TH3" address="%MD202">
              <type>
                <REAL/>
              </type>
              <initialValue>
                <simpleValue value="2000.0"/>
              </initialValue>
            </variable>
            <variable name="TH4" address="%MD203">
              <type>
                <REAL/>
              </type>
              <initialValue>
                <simpleValue value="2500.0"/>
              </initialValue>
            </variable>
            <variable name="EPS" address="%MD204">
              <type>
                <REAL/>
              </type>
              <initialValue>
                <simpleValue value="100.0"/>
              </initialValue>
            </variable>
          </localVars>
          <localVars>
            <variable name="HYSTERESIS0">
              <type>
                <derived name="HYSTERESIS"/>
              </type>
            </variable>
          </localVars>
          <localVars>
            <variable name="ADC1" address="%IW0">
              <type>
                <INT/>
              </type>
            </variable>
            <variable name="ADC2" address="%IW1">
              <type>
                <INT/>
              </type>
            </variable>
            <variable name="ADC3" address="%IW2">
              <type>
                <INT/>
              </type>
            </variable>
            <variable name="ADC4" address="%IW3">
              <type>
                <INT/>
              </type>
            </variable>
            <variable name="ADC5" address="%IW4">
              <type>
                <INT/>
              </type>
            </variable>
            <variable name="ADC6" address="%IW5">
              <type>
                <INT/>
              </type>
            </variable>
            <variable name="ADC7" address="%IW6">
              <type>
                <INT/>
              </type>
            </variable>
            <variable name="ADC8" address="%IW7">
              <type>
                <INT/>
              </type>
            </variable>
            <variable name="DAC1" address="%QW0">
              <type>
                <INT/>
              </type>
            </variable>
            <variable name="DAC2" address="%QW1">
              <type>
                <INT/>
              </type>
            </variable>
            <variable name="DAC3" address="%QW2">
              <type>
                <INT/>
              </type>
            </variable>
            <variable name="DAC4" address="%QW3">
              <type>
                <INT/>
              </type>
            </variable>
          </localVars>
          <localVars>
            <variable name="HYSTERESIS1">
              <type>
                <derived name="HYSTERESIS"/>
              </type>
            </variable>
            <variable name="HYSTERESIS2">
              <type>
                <derived name="HYSTERESIS"/>
              </type>
            </variable>
            <variable name="HYSTERESIS3">
              <type>
                <derived name="HYSTERESIS"/>
              </type>
            </variable>
          </localVars>
        </interface>
        <body>
          <LD>
            <leftPowerRail localId="5" height="130" width="10">
              <position x="40" y="40"/>
              <connectionPointOut formalParameter="">
                <relPosition x="10" y="20"/>
              </connectionPointOut>
              <connectionPointOut formalParameter="">
                <relPosition x="10" y="110"/>
              </connectionPointOut>
            </leftPowerRail>
            <contact localId="6" height="20" width="21" negated="false">
              <position x="120" y="50"/>
              <connectionPointIn>
                <relPosition x="0" y="10"/>
                <connection refLocalId="5">
                  <position x="120" y="60"/>
                  <position x="50" y="60"/>
                </connection>
              </connectionPointIn>
              <connectionPointOut>
                <relPosition x="21" y="10"/>
              </connectionPointOut>
              <variable>OPTO1</variable>
            </contact>
            <contact localId="7" height="20" width="21" negated="false">
              <position x="120" y="140"/>
              <connectionPointIn>
                <relPosition x="0" y="10"/>
                <connection refLocalId="5">
                  <position x="120" y="150"/>
                  <position x="50" y="150"/>
                </connection>
              </connectionPointIn>
              <connectionPointOut>
                <relPosition x="21" y="10"/>
              </connectionPointOut>
              <variable>RELAY1</variable>
            </contact>
            <contact localId="8" height="20" width="21" negated="true">
              <position x="310" y="50"/>
              <connectionPointIn>
                <relPosition x="0" y="10"/>
                <connection refLocalId="6">
                  <position x="310" y="60"/>
                  <position x="141" y="60"/>
                </connection>
                <connection refLocalId="7">
                  <position x="310" y="60"/>
                  <position x="225" y="60"/>
                  <position x="225" y="150"/>
                  <position x="141" y="150"/>
                </connection>
              </connectionPointIn>
              <connectionPointOut>
                <relPosition x="21" y="10"/>
              </connectionPointOut>
              <variable>OPTO2</variable>
            </contact>
            <coil localId="10" height="20" width="21" negated="false">
              <position x="420" y="50"/>
              <connectionPointIn>
                <relPosition x="0" y="10"/>
                <connection refLocalId="8">
                  <position x="420" y="60"/>
                  <position x="331" y="60"/>
                </connection>
              </connectionPointIn>
              <connectionPointOut>
                <relPosition x="21" y="10"/>
              </connectionPointOut>
              <variable>RELAY1</variable>
            </coil>
            <rightPowerRail localId="11" height="820" width="10">
              <position x="650" y="40"/>
              <connectionPointIn>
                <relPosition x="0" y="20"/>
                <connection refLocalId="10">
                  <position x="650" y="60"/>
                  <position x="441" y="60"/>
                </connection>
              </connectionPointIn>
              <connectionPointIn>
                <relPosition x="0" y="230"/>
                <connection refLocalId="15">
                  <position x="650" y="270"/>
                  <position x="581" y="270"/>
                </connection>
              </connectionPointIn>
              <connectionPointIn>
                <relPosition x="0" y="430"/>
                <connection refLocalId="9">
                  <position x="650" y="470"/>
                  <position x="630" y="470"/>
                  <position x="630" y="460"/>
                  <position x="610" y="460"/>
                </connection>
              </connectionPointIn>
              <connectionPointIn>
                <relPosition x="0" y="600"/>
                <connection refLocalId="24">
                  <position x="650" y="640"/>
                  <position x="625" y="640"/>
                  <position x="625" y="650"/>
                  <position x="600" y="650"/>
                </connection>
              </connectionPointIn>
              <connectionPointIn>
                <relPosition x="0" y="800"/>
                <connection refLocalId="31">
                  <position x="650" y="840"/>
                  <position x="600" y="840"/>
                </connection>
              </connectionPointIn>
            </rightPowerRail>
            <inVariable localId="14" height="30" width="40" negated="false">
              <position x="160" y="260"/>
              <connectionPointOut>
                <relPosition x="40" y="20"/>
              </connectionPointOut>
              <expression>TH1</expression>
            </inVariable>
            <coil localId="15" height="20" width="21" negated="false">
              <position x="560" y="260"/>
              <connectionPointIn>
                <relPosition x="0" y="10"/>
                <connection refLocalId="16" formalParameter="Q">
                  <position x="560" y="270"/>
                  <position x="530" y="270"/>
                </connection>
              </connectionPointIn>
              <connectionPointOut>
                <relPosition x="21" y="10"/>
              </connectionPointOut>
              <variable>RELAY2</variable>
            </coil>
            <block localId="16" typeName="HYSTERESIS" instanceName="HYSTERESIS0" height="80" width="100">
              <position x="430" y="240"/>
              <inputVariables>
                <variable formalParameter="XIN1">
                  <connectionPointIn>
                    <relPosition x="0" y="30"/>
                    <connection refLocalId="19" formalParameter="OUT">
                      <position x="430" y="270"/>
                      <position x="370" y="270"/>
                      <position x="370" y="230"/>
                      <position x="340" y="230"/>
                    </connection>
                  </connectionPointIn>
                </variable>
                <variable formalParameter="XIN2">
                  <connectionPointIn>
                    <relPosition x="0" y="50"/>
                    <connection refLocalId="14">
                      <position x="430" y="290"/>
                      <position x="255" y="290"/>
                      <position x="255" y="280"/>
                      <position x="200" y="280"/>
                    </connection>
                  </connectionPointIn>
                </variable>
                <variable formalParameter="EPS">
                  <connectionPointIn>
                    <relPosition x="0" y="70"/>
                    <connection refLocalId="17">
                      <position x="430" y="310"/>
                      <position x="255" y="310"/>
                      <position x="255" y="330"/>
                      <position x="200" y="330"/>
                    </connection>
                  </connectionPointIn>
                </variable>
              </inputVariables>
              <inOutVariables/>
              <outputVariables>
                <variable formalParameter="Q">
                  <connectionPointOut>
                    <relPosition x="100" y="30"/>
                  </connectionPointOut>
                </variable>
              </outputVariables>
            </block>
            <inVariable localId="17" height="30" width="40" negated="false">
              <position x="160" y="310"/>
              <connectionPointOut>
                <relPosition x="40" y="20"/>
              </connectionPointOut>
              <expression>EPS</expression>
            </inVariable>
            <inVariable localId="1" height="30" width="70" negated="false" executionOrderId="0">
              <position x="160" y="210"/>
              <connectionPointOut>
                <relPosition x="70" y="20"/>
              </connectionPointOut>
              <expression>ADC1</expression>
            </inVariable>
            <block localId="19" typeName="INT_TO_REAL" height="50" width="90">
              <position x="250" y="190"/>
              <inputVariables>
                <variable formalParameter="IN">
                  <connectionPointIn>
                    <relPosition x="0" y="40"/>
                    <connection refLocalId="1">
                      <position x="250" y="230"/>
                      <position x="230" y="230"/>
                    </connection>
                  </connectionPointIn>
                </variable>
              </inputVariables>
              <inOutVariables/>
              <outputVariables>
                <variable formalParameter="OUT">
                  <connectionPointOut>
                    <relPosition x="90" y="40"/>
                  </connectionPointOut>
                </variable>
              </outputVariables>
            </block>
            <inVariable localId="2" height="30" width="70" negated="false" executionOrderId="0">
              <position x="180" y="400"/>
              <connectionPointOut>
                <relPosition x="70" y="20"/>
              </connectionPointOut>
              <expression>ADC1</expression>
            </inVariable>
            <inVariable localId="4" height="30" width="40" negated="false" executionOrderId="0">
              <position x="180" y="450"/>
              <connectionPointOut>
                <relPosition x="40" y="20"/>
              </connectionPointOut>
              <expression>TH2</expression>
            </inVariable>
            <coil localId="9" height="20" width="30" negated="false" executionOrderId="0">
              <position x="580" y="450"/>
              <connectionPointIn>
                <relPosition x="0" y="10"/>
                <connection refLocalId="12" formalParameter="Q">
                  <position x="580" y="460"/>
                  <position x="550" y="460"/>
                </connection>
              </connectionPointIn>
              <connectionPointOut>
                <relPosition x="30" y="10"/>
              </connectionPointOut>
              <variable>RELAY3</variable>
            </coil>
            <block localId="12" typeName="HYSTERESIS" instanceName="HYSTERESIS1" height="80" width="100" executionOrderId="0">
              <position x="450" y="430"/>
              <inputVariables>
                <variable formalParameter="XIN1">
                  <connectionPointIn>
                    <relPosition x="0" y="30"/>
                    <connection refLocalId="20" formalParameter="OUT">
                      <position x="450" y="460"/>
                      <position x="415" y="460"/>
                      <position x="415" y="420"/>
                      <position x="380" y="420"/>
                    </connection>
                  </connectionPointIn>
                </variable>
                <variable formalParameter="XIN2">
                  <connectionPointIn>
                    <relPosition x="0" y="50"/>
                    <connection refLocalId="4">
                      <position x="450" y="480"/>
                      <position x="275" y="480"/>
                      <position x="275" y="470"/>
                      <position x="220" y="470"/>
                    </connection>
                  </connectionPointIn>
                </variable>
                <variable formalParameter="EPS">
                  <connectionPointIn>
                    <relPosition x="0" y="70"/>
                    <connection refLocalId="18">
                      <position x="450" y="500"/>
                      <position x="275" y="500"/>
                      <position x="275" y="520"/>
                      <position x="220" y="520"/>
                    </connection>
                  </connectionPointIn>
                </variable>
              </inputVariables>
              <inOutVariables/>
              <outputVariables>
                <variable formalParameter="Q">
                  <connectionPointOut>
                    <relPosition x="100" y="30"/>
                  </connectionPointOut>
                </variable>
              </outputVariables>
            </block>
            <inVariable localId="18" height="30" width="40" negated="false" executionOrderId="0">
              <position x="180" y="500"/>
              <connectionPointOut>
                <relPosition x="40" y="20"/>
              </connectionPointOut>
              <expression>EPS</expression>
            </inVariable>
            <block localId="20" typeName="INT_TO_REAL" height="50" width="90" executionOrderId="0">
              <position x="290" y="380"/>
              <inputVariables>
                <variable formalParameter="IN">
                  <connectionPointIn>
                    <relPosition x="0" y="40"/>
                    <connection refLocalId="2">
                      <position x="290" y="420"/>
                      <position x="250" y="420"/>
                    </connection>
                  </connectionPointIn>
                </variable>
              </inputVariables>
              <inOutVariables/>
              <outputVariables>
                <variable formalParameter="OUT">
                  <connectionPointOut>
                    <relPosition x="90" y="40"/>
                  </connectionPointOut>
                </variable>
              </outputVariables>
            </block>
            <inVariable localId="21" height="30" width="70" negated="false" executionOrderId="0">
              <position x="170" y="590"/>
              <connectionPointOut>
                <relPosition x="70" y="20"/>
              </connectionPointOut>
              <expression>ADC1</expression>
            </inVariable>
            <inVariable localId="23" height="30" width="40" negated="false" executionOrderId="0">
              <position x="170" y="640"/>
              <connectionPointOut>
                <relPosition x="40" y="20"/>
              </connectionPointOut>
              <expression>TH3</expression>
            </inVariable>
            <coil localId="24" height="20" width="30" negated="false" executionOrderId="0">
              <position x="570" y="640"/>
              <connectionPointIn>
                <relPosition x="0" y="10"/>
                <connection refLocalId="25" formalParameter="Q">
                  <position x="570" y="650"/>
                  <position x="540" y="650"/>
                </connection>
              </connectionPointIn>
              <connectionPointOut>
                <relPosition x="30" y="10"/>
              </connectionPointOut>
              <variable>RELAY4</variable>
            </coil>
            <block localId="25" typeName="HYSTERESIS" instanceName="HYSTERESIS2" height="80" width="100" executionOrderId="0">
              <position x="440" y="620"/>
              <inputVariables>
                <variable formalParameter="XIN1">
                  <connectionPointIn>
                    <relPosition x="0" y="30"/>
                    <connection refLocalId="27" formalParameter="OUT">
                      <position x="440" y="650"/>
                      <position x="405" y="650"/>
                      <position x="405" y="610"/>
                      <position x="370" y="610"/>
                    </connection>
                  </connectionPointIn>
                </variable>
                <variable formalParameter="XIN2">
                  <connectionPointIn>
                    <relPosition x="0" y="50"/>
                    <connection refLocalId="23">
                      <position x="440" y="670"/>
                      <position x="265" y="670"/>
                      <position x="265" y="660"/>
                      <position x="210" y="660"/>
                    </connection>
                  </connectionPointIn>
                </variable>
                <variable formalParameter="EPS">
                  <connectionPointIn>
                    <relPosition x="0" y="70"/>
                    <connection refLocalId="26">
                      <position x="440" y="690"/>
                      <position x="265" y="690"/>
                      <position x="265" y="710"/>
                      <position x="210" y="710"/>
                    </connection>
                  </connectionPointIn>
                </variable>
              </inputVariables>
              <inOutVariables/>
              <outputVariables>
                <variable formalParameter="Q">
                  <connectionPointOut>
                    <relPosition x="100" y="30"/>
                  </connectionPointOut>
                </variable>
              </outputVariables>
            </block>
            <inVariable localId="26" height="30" width="40" negated="false" executionOrderId="0">
              <position x="170" y="690"/>
              <connectionPointOut>
                <relPosition x="40" y="20"/>
              </connectionPointOut>
              <expression>EPS</expression>
            </inVariable>
            <block localId="27" typeName="INT_TO_REAL" height="50" width="90" executionOrderId="0">
              <position x="280" y="570"/>
              <inputVariables>
                <variable formalParameter="IN">
                  <connectionPointIn>
                    <relPosition x="0" y="40"/>
                    <connection refLocalId="21">
                      <position x="280" y="610"/>
                      <position x="240" y="610"/>
                    </connection>
                  </connectionPointIn>
                </variable>
              </inputVariables>
              <inOutVariables/>
              <outputVariables>
                <variable formalParameter="OUT">
                  <connectionPointOut>
                    <relPosition x="90" y="40"/>
                  </connectionPointOut>
                </variable>
              </outputVariables>
            </block>
            <inVariable localId="28" height="30" width="70" negated="false" executionOrderId="0">
              <position x="170" y="780"/>
              <connectionPointOut>
                <relPosition x="70" y="20"/>
              </connectionPointOut>
              <expression>ADC1</expression>
            </inVariable>
            <inVariable localId="30" height="30" width="40" negated="false" executionOrderId="0">
              <position x="170" y="830"/>
              <connectionPointOut>
                <relPosition x="40" y="20"/>
              </connectionPointOut>
              <expression>TH4</expression>
            </inVariable>
            <coil localId="31" height="20" width="30" negated="false" executionOrderId="0">
              <position x="570" y="830"/>
              <connectionPointIn>
                <relPosition x="0" y="10"/>
                <connection refLocalId="32" formalParameter="Q">
                  <position x="570" y="840"/>
                  <position x="540" y="840"/>
                </connection>
              </connectionPointIn>
              <connectionPointOut>
                <relPosition x="30" y="10"/>
              </connectionPointOut>
              <variable>RELAY5</variable>
            </coil>
            <block localId="32" typeName="HYSTERESIS" instanceName="HYSTERESIS3" height="80" width="100" executionOrderId="0">
              <position x="440" y="810"/>
              <inputVariables>
                <variable formalParameter="XIN1">
                  <connectionPointIn>
                    <relPosition x="0" y="30"/>
                    <connection refLocalId="34" formalParameter="OUT">
                      <position x="440" y="840"/>
                      <position x="405" y="840"/>
                      <position x="405" y="800"/>
                      <position x="370" y="800"/>
                    </connection>
                  </connectionPointIn>
                </variable>
                <variable formalParameter="XIN2">
                  <connectionPointIn>
                    <relPosition x="0" y="50"/>
                    <connection refLocalId="30">
                      <position x="440" y="860"/>
                      <position x="265" y="860"/>
                      <position x="265" y="850"/>
                      <position x="210" y="850"/>
                    </connection>
                  </connectionPointIn>
                </variable>
                <variable formalParameter="EPS">
                  <connectionPointIn>
                    <relPosition x="0" y="70"/>
                    <connection refLocalId="33">
                      <position x="440" y="880"/>
                      <position x="265" y="880"/>
                      <position x="265" y="900"/>
                      <position x="210" y="900"/>
                    </connection>
                  </connectionPointIn>
                </variable>
              </inputVariables>
              <inOutVariables/>
              <outputVariables>
                <variable formalParameter="Q">
                  <connectionPointOut>
                    <relPosition x="100" y="30"/>
                  </connectionPointOut>
                </variable>
              </outputVariables>
            </block>
            <inVariable localId="33" height="30" width="40" negated="false" executionOrderId="0">
              <position x="170" y="880"/>
              <connectionPointOut>
                <relPosition x="40" y="20"/>
              </connectionPointOut>
              <expression>EPS</expression>
            </inVariable>
            <block localId="34" typeName="INT_TO_REAL" height="50" width="90" executionOrderId="0">
              <position x="280" y="760"/>
              <inputVariables>
                <variable formalParameter="IN">
                  <connectionPointIn>
                    <relPosition x="0" y="40"/>
                    <connection refLocalId="28">
                      <position x="280" y="800"/>
                      <position x="240" y="800"/>
                    </connection>
                  </connectionPointIn>
                </variable>
              </inputVariables>
              <inOutVariables/>
              <outputVariables>
                <variable formalParameter="OUT">
                  <connectionPointOut>
                    <relPosition x="90" y="40"/>
                  </connectionPointOut>
                </variable>
              </outputVariables>
            </block>
            <inVariable localId="35" height="30" width="40" negated="false">
              <position x="190" y="980"/>
              <connectionPointOut>
                <relPosition x="40" y="20"/>
              </connectionPointOut>
              <expression>ADC1</expression>
            </inVariable>
            <outVariable localId="36" height="30" width="40" negated="false">
              <position x="290" y="980"/>
              <connectionPointIn>
                <relPosition x="0" y="20"/>
                <connection refLocalId="35">
                  <position x="290" y="1000"/>
                  <position x="230" y="1000"/>
                </connection>
              </connectionPointIn>
              <expression>DAC1</expression>
            </outVariable>
          </LD>
        </body>
      </pou>
    </pous>
  </types>
  <instances>
    <configurations>
      <configuration name="Config0">
        <resource name="Res0">
          <task name="task0" priority="0" interval="T#200ms">
            <pouInstance name="instance0" typeName="test_python"/>
          </task>
        </resource>
      </configuration>
    </configurations>
  </instances>
</project>
